{
  "background": "rgb(179,179,179)",
  "gridBlockSize": 2,
  "gridThickLinesEvery": 10,
  "gridLightColor": "rgb(51,153,255)",
  "width": 16,
  "height": 16,
  "blendMode": "override",
  "comps": [
    {
      "type": "shape",
      "borderWidth": 1,
      "borderColor": "rgb(138,138,138)",
      "closePath": true,
      "points": [
        14,
        14,
        7,
        14,
        7,
        4,
        2,
        4,
        2,
        2,
        9,
        2,
        9,
        12,
        14,
        12
      ]
    }
  ]
}