{
  "background": "rgb(97,97,97)",
  "width": 16,
  "height": 16,
  "comps": [
    {
      "type": "shape",
      "borderWidth": 1,
      "borderColor": "rgb(255,255,255)",
      "borderCap": "round",
      "rotation": 1.5708,
      "points": [
        0.49798,
        5.85043,
        0.49798,
        1.50247,
        15.48666,
        1.50247,
        15.49798,
        14.49753,
        0.49798,
        14.49753,
        0.49798,
        10.16584
      ]
    },
    {
      "type": "shape",
      "borderWidth": 1,
      "borderColor": "rgb(255,255,255)",
      "borderCap": "round",
      "points": [
        4.39705,
        5.5,
        11.00085,
        5.5
      ]
    },
    {
      "type": "shape",
      "borderWidth": 1,
      "borderColor": "rgb(255,255,255)",
      "borderCap": "round",
      "points": [
        4.39705,
        8.5,
        11.00085,
        8.5
      ]
    },
    {
      "type": "shape",
      "borderWidth": 1,
      "borderColor": "rgb(255,255,255)",
      "borderCap": "round",
      "points": [
        4.39705,
        11.47926,
        11.00085,
        11.47926
      ]
    }
  ]
}